CREATE DATABASE  IF NOT EXISTS `srd16` ;
USE `srd16`;

-- Table structure for table `insurance_module`

DROP TABLE IF EXISTS `insurance_module`;
CREATE TABLE `insurance_module` (
  `Insurance_ID` varchar(20) NOT NULL,
  `Insurance_Name` varchar(100) NOT NULL,
  `Maximum_Coverage_Amount` decimal(10,2) DEFAULT NULL,
  PRIMARY KEY (`Insurance_ID`));

-- Dumping data for table `insurance_module`

LOCK TABLES `insurance_module` WRITE;
INSERT INTO `insurance_module` VALUES ('1002','XYZ Insurance Group',75000.00),('1003','Global Health Insurers',100000.00),('1004','Secure Life Assurance',250000.00),('1005','SafeGuard Insurance Ltd.',150000.00),('1006','United Insurance Corporation',80000.00),('1007','National Health Insurers',120000.00),('1008','FirstClass Insurance Services',90000.00),('1009','Liberty Insurance Solutions',180000.00);
UNLOCK TABLES;

-- Table structure for table `patient_module`

DROP TABLE IF EXISTS `patient_module`;
CREATE TABLE `patient_module` (
  `Patient_ID` int NOT NULL,
  `Name` varchar(100) NOT NULL,
  `Date_of_Birth` date NOT NULL,
  `Gender` varchar(10) NOT NULL,
  `Address` varchar(100) DEFAULT NULL,
  `City` varchar(50) DEFAULT NULL,
  `Country` varchar(50) DEFAULT NULL,
  `Phone` varchar(15) DEFAULT NULL,
  `Insurance_ID` varchar(20) DEFAULT NULL,
  PRIMARY KEY (`Patient_ID`),
  KEY `Insurance_ID` (`Insurance_ID`),
  CONSTRAINT `patient_module_ibfk_1` FOREIGN KEY (`Insurance_ID`) REFERENCES `insurance_module` (`Insurance_ID`));

-- Dumping data for table `patient_module`

LOCK TABLES `patient_module` WRITE;
INSERT INTO `patient_module` VALUES (1001,'Johnny Doe','1970-03-15','Male','123 Main St','New York','USA','555-123-4567',NULL),(1002,'Alice Johnson','1990-08-21','Female','456 Oak Ave','Los Angeles','USA','444-987-6543','1002'),(1003,'Michael Williams','1979-11-10','Male','789 Maple Rd','Chicago','USA','333-456-7890','1003'),(1004,'Emily Brown','1995-06-30','Female','101 Elm St','Houston','USA','666-789-4561','1004'),(1005,'Robert Miller','1988-02-25','Male','202 Cedar Ave','Phoenix','USA','777-654-3219','1005'),(1006,'Sophia Davis','1980-09-18','Female','303 Pine Rd','Philadelphia','USA','888-321-6540','1006'),(1007,'James Garcia','1976-12-05','Male','404 Birch St','San Antonio','USA','999-987-1236','1007'),(1008,'Lily Martinez','1966-07-08','Female','505 Willow Ave','San Diego','USA','222-654-9873','1008'),(1009,'Daniel Brown','1982-04-12','Male','606 Spruce Rd','Dallas','USA','111-852-9637',NULL),(1010,'Ava Lee','1987-01-03','Female','707 Chestnut St','San Jose','USA','999-741-8528',NULL),(1011,'Matthew Wilson','1998-10-27','Male','808 Hickory Ave','Austin','USA','888-369-8520',NULL),(1012,'Olivia Taylor','1983-07-14','Female','909 Sycamore Rd','Jacksonville','INDIA','777-147-2583','1002'),(1013,'William Jones','1993-04-19','Male','1010 Poplar St','San Francisco','USA','666-258-3694','1003'),(1014,'Emma White','1991-11-22','Female','1111 Cypress Ave','Indianapolis','USA','555-963-1472','1004'),(1015,'Noah Rodriguez','1974-08-11','Male','1212 Juniper Rd','Columbus','USA','444-369-1475','1005'),(1016,'Isabella Thomas','1986-05-26','Female','1313 Mulberry St','Fort Worth','USA','333-741-2580','1006'),(1017,'James Scott','1977-02-09','Male','1414 Aspen Ave','Charlotte','USA','222-852-9633','1007'),(1018,'Oliver Young','1989-09-03','Male','1515 Sycamore Rd','Detroit','USA','111-963-8522','1008'),(1019,'Ella Hernandez','1997-12-18','Female','1616 Chestnut St','El Paso','USA','999-123-9873',NULL),(1020,'Alexander King','1950-03-08','Male','1717 Pine Rd','Seattle','INDIA','888-987-6544',NULL),(1021,'Charlotte Moore','1993-05-29','Female','1818 Cedar Ave','Denver','USA','777-111-0000',NULL),(1022,'Henry Jackson','1988-09-02','Male','1919 Willow Ave','Washington D.C.','USA','666-222-3333','1002'),(1023,'Ella Wilson','1999-06-20','Female','2020 Spruce Rd','Boston','USA','555-444-5555','1003'),(1024,'William Lee','1979-01-22','Male','2121 Chestnut St','Nashville','USA','444-555-6666','1004'),(1025,'Scarlett Thomas','1985-11-03','Female','2222 Birch St','Memphis','USA','333-666-7777','1005'),(1026,'Henry Davis','1984-07-25','Male','2323 Elm St','Louisville','USA','222-777-8888','1006'),(1027,'Sophia Smith','1992-09-17','Female','2424 Maple Rd','Baltimore','USA','111-888-9999','1007'),(1028,'Michael Johnson','1977-04-30','Male','2525 Oak Ave','Milwaukee','USA','999-777-6666','1008'),(1029,'Ava Anderson','1989-08-08','Female','2626 Pine Rd','Albuquerque','USA','888-666-5555',NULL),(1030,'James Martinez','1991-02-19','Male','2727 Willow Ave','Tucson','USA','777-555-4444','1003'),(1031,'Emma Brown','1996-07-12','Female','2828 Spruce Rd','Fresno','USA','666-444-3333',NULL),(1032,'Noah Davis','1981-03-26','Male','2929 Cedar Ave','Sacramento','USA','555-333-2222','1002'),(1033,'Olivia Johnson','1998-09-14','Female','3030 Elm St','Long Beach','USA','444-222-1111','1003'),(1034,'William Wilson','1987-05-01','Male','3131 Birch St','Kansas City','USA','333-111-0000','1004'),(1035,'Sophia Williams','1986-08-23','Female','3232 Maple Rd','Mesa','USA','222-000-9999','1005'),(1036,'Michael Anderson','1997-12-09','Male','3333 Oak Ave','Virginia Beach','USA','111-999-8888','1006'),(1037,'Ava Garcia','1980-02-29','Female','3434 Pine Rd','Atlanta','INDIA','999-888-7777','1007'),(1038,'James Thomas','1995-11-17','Male','3535 Willow Ave','Omaha','USA','888-777-6666','1008'),(1039,'Emma Smith','1978-06-06','Female','3636 Spruce Rd','Raleigh','USA','777-666-5555',NULL),(1040,'Noah Johnson','1999-03-15','Male','3737 Cedar Ave','Miami','USA','666-555-4444','1004'),(1041,'Olivia Davis','1982-08-31','Female','3838 Elm St','Oakland','USA','555-444-3333',NULL),(1042,'William Moore','1984-05-29','Male','3939 Birch St','Tulsa','USA','444-333-2222','1002'),(1043,'Sophia Jackson','1991-09-27','Female','4040 Maple Rd','Cleveland','USA','333-222-1111','1003'),(1044,'Michael Wilson','1997-04-11','Male','4141 Oak Ave','Minneapolis','USA','222-111-0000','1004'),(1045,'Ava Lee','1967-11-24','Female','4242 Pine Rd','Wichita','USA','111-000-9999','1005'),(1046,'James Smith','1983-08-14','Male','4343 Willow Ave','Arlington','USA','999-999-8888','1006'),(1047,'Emma Johnson','1993-02-03','Female','4444 Spruce Rd','New Orleans','USA','888-888-7777','1007'),(1048,'Noah Williams','1981-07-22','Male','4545 Cedar Ave','Bakersfield','USA','777-777-6666','1008'),(1049,'Olivia Anderson','1990-04-10','Female','4646 Elm St','Tampa','USA','666-666-5555',NULL),(1050,'William Garcia','1976-01-18','Male','4747 Birch St','Honolulu','USA','555-555-4444',NULL),(1051,'Emma Wilson','1995-09-05','Female','4848 Elm St','Colorado Springs','USA','555-666-7777','1005'),(1052,'Noah Davis','1979-11-12','Male','4949 Cedar Ave','Raleigh','USA','444-555-6666',NULL),(1053,'Olivia Johnson','1988-06-23','Female','5050 Pine Rd','Omaha','USA','333-444-5555','1003'),(1054,'William Williams','1987-03-14','Male','5151 Willow Ave','Tulsa','USA','222-333-4444','1002'),(1055,'Sophia Garcia','1992-08-27','Female','5252 Maple Rd','Cleveland','USA','111-222-3333',NULL),(1056,'Michael Brown','1975-12-09','Male','5353 Oak Ave','Minneapolis','USA','999-888-7777','1008'),(1057,'Ava Davis','1981-07-17','Female','5454 Birch St','Miami','INDIA','888-777-6666','1006'),(1058,'James Smith','1996-05-19','Male','5555 Spruce Rd','Wichita','USA','777-666-5555','1005'),(1059,'Emma Johnson','1993-02-28','Female','5656 Elm St','Arlington','USA','666-555-4444',NULL),(1060,'Noah Williams','1971-11-21','Male','5757 Cedar Ave','New Orleans','USA','555-444-3333','1003'),(1061,'Olivia Brown','1977-04-13','Female','5858 Pine Rd','Bakersfield','INDIA','444-333-2222','1002'),(1062,'William Davis','1998-10-22','Male','5959 Willow Ave','Tampa','USA','333-222-1111',NULL),(1063,'Sophia Wilson','1986-09-16','Female','6060 Maple Rd','Honolulu','USA','222-111-0000','1008'),(1064,'Michael Johnson','1990-03-17','Male','6161 Birch St','Albuquerque','USA','111-000-9999','1006'),(1065,'Ava Anderson','1982-08-04','Female','6262 Oak Ave','Virginia Beach','USA','999-999-8888','1005'),(1066,'James Garcia','1999-06-10','Male','6363 Spruce Rd','Raleigh','USA','888-888-7777',NULL),(1067,'Emma Thomas','1997-12-07','Female','6464 Elm St','Colorado Springs','USA','777-777-6666','1003'),(1068,'Noah Martinez','1984-01-09','Male','6565 Cedar Ave','Omaha','USA','666-666-5555','1002'),(1069,'Olivia Johnson','1978-06-20','Female','6666 Pine Rd','Tulsa','INDIA','555-555-4444',NULL),(1070,'William Davis','1996-02-14','Male','6767 Willow Ave','Cleveland','USA','444-444-3333','1008'),(1071,'Sophia Johnson','1981-09-29','Female','6868 Maple Rd','Minneapolis','INDIA','333-333-2222','1006'),(1072,'Michael Smith','1993-08-12','Male','6969 Birch St','Miami','USA','222-222-1111','1005'),(1073,'Ava Anderson','1987-11-19','Female','7070 Oak Ave','Wichita','USA','111-111-0000',NULL),(1074,'James Wilson','1992-04-16','Male','7171 Spruce Rd','Arlington','USA','999-999-9999','1003'),(1075,'Emma Brown','1989-05-05','Female','7272 Elm St','New Orleans','USA','888-888-8888','1002'),(1076,'Noah Davis','1998-02-27','Male','7373 Cedar Ave','Bakersfield','USA','777-777-7777',NULL),(1077,'Olivia Williams','1991-10-21','Female','7474 Pine Rd','Tampa','USA','666-666-6666','1008'),(1078,'William Johnson','1976-07-13','Male','7575 Willow Ave','Virginia Beach','USA','555-555-5555','1006'),(1079,'Sophia Garcia','1997-12-10','Female','7676 Maple Rd','Raleigh','USA','444-444-4444','1005'),(1080,'Michael Smith','1984-11-12','Male','7777 Birch St','Colorado Springs','USA','333-333-3333',NULL),(1081,'Ava Johnson','1982-06-18','Female','7878 Elm St','Omaha','USA','222-222-2222','1003'),(1082,'James Davis','1993-09-21','Male','7979 Cedar Ave','Tulsa','USA','111-111-1111','1002'),(1083,'Emma Wilson','1999-04-09','Female','8080 Willow Ave','Cleveland','USA','999-999-9999',NULL),(1084,'Noah Johnson','1981-08-17','Male','8181 Maple Rd','Minneapolis','USA','888-888-8888','1008'),(1085,'Olivia Davis','1996-05-13','Female','8282 Birch St','Miami','USA','777-777-7777','1006'),(1086,'William Wilson','1985-01-19','Male','8383 Elm St','Wichita','USA','666-666-6666','1005'),(1087,'Sophia Brown','1987-09-20','Female','8484 Oak Ave','Arlington','USA','555-555-5555',NULL),(1088,'Michael Davis','1992-02-28','Male','8585 Spruce Rd','New Orleans','USA','444-444-4444','1003'),(1089,'Ava Smith','1979-06-15','Female','8686 Cedar Ave','Bakersfield','USA','333-333-3333','1002'),(1090,'James Johnson','1989-11-22','Male','8787 Pine Rd','Tampa','USA','222-222-2222',NULL),(1091,'Emma Davis','1998-03-16','Female','8888 Willow Ave','Virginia Beach','USA','111-111-1111','1008'),(1092,'Noah Wilson','1983-10-26','Male','8989 Maple Rd','Raleigh','USA','999-999-9999','1006'),(1093,'Olivia Johnson','1995-09-08','Female','9090 Elm St','Colorado Springs','USA','888-888-8888','1005'),(1094,'William Brown','1977-07-12','Male','9191 Birch St','Omaha','USA','777-777-7777',NULL),(1095,'Sophia Davis','1993-06-29','Female','9292 Cedar Ave','Tulsa','USA','666-666-6666','1003'),(1096,'Michael Wilson','1986-09-18','Male','9393 Willow Ave','Cleveland','USA','555-555-5555','1002'),(1097,'Ava Johnson','1991-02-19','Female','9494 Maple Rd','Minneapolis','USA','444-444-4444',NULL),(1098,'James Smith','1997-05-17','Male','9595 Birch St','Miami','USA','333-333-3333','1008'),(1099,'Emma Williams','1988-11-10','Female','9696 Elm St','Wichita','USA','222-222-2222','1006'),(1100,'Noah Davis','1984-08-21','Male','9797 Oak Ave','Arlington','INDIA','111-111-1111','1005');
UNLOCK TABLES;

-- Table structure for table `physician_module`

DROP TABLE IF EXISTS `physician_module`;
CREATE TABLE `physician_module` (
  `Physician_ID` int NOT NULL,
  `Name` varchar(100) NOT NULL,
  `Date_of_Joining` date NOT NULL,
  `Specialty` varchar(50) DEFAULT NULL,
  `Designation` varchar(50) DEFAULT NULL,
  `Experience` int DEFAULT NULL,
  PRIMARY KEY (`Physician_ID`));

-- Dumping data for table `physician_module`

LOCK TABLES `physician_module` WRITE;
INSERT INTO `physician_module` VALUES (2001,'Dr. John Smith','2010-05-15','Cardiology','Associate Professor',11),(2002,'Dr. Alice Johnson','2012-09-20','Pediatrics','Department Head',14),(2003,'Dr. Michael Williams','2008-11-08','Orthopedics','Surgeon',13),(2004,'Dr. Emily Brown','2015-06-30','Dermatology','Registrar',6),(2005,'Dr. Robert Miller','2007-02-25','Oncology','Department Head',14),(2006,'Dr. Sophia Davis','2011-09-18','Neurology','Surgeon',10),(2007,'Dr. James Garcia','2014-12-05','Gastroenterology','Senior Medical Officer',7),(2008,'Dr. Lily Martinez','2009-07-08','Obstetrics and Gynecology','Surgeon',12),(2009,'Dr. Daniel Brown','2018-04-12','Surgery','Registrar',3),(2010,'Dr. Ava Lee','2016-01-03','Ophthalmology','Senior Medical Officer',5),(2011,'Dr. William Johnson','2013-08-22','Cardiology','Surgeon',8),(2012,'Dr. Emma Davis','2017-12-10','Dermatology','Registrar',4),(2013,'Dr. Noah Wilson','2019-05-14','Orthopedics','Registrar',2),(2014,'Dr. Olivia Brown','2018-10-29','Neurology','Surgeon',3),(2015,'Dr. James Miller','2016-02-09','Pediatrics','Senior Medical Officer',5),(2016,'Dr. Sophia Martinez','2011-07-21','Gastroenterology','Surgeon',10),(2017,'Dr. Michael Johnson','2020-03-05','Surgery','Medical Practitioner',1),(2018,'Dr. Ava Williams','2014-09-18','Obstetrics and Gynecology','Department Head',14),(2019,'Dr. William Garcia','2012-06-17','Oncology','Surgeon',9),(2020,'Dr. Olivia Anderson','2015-11-03','Ophthalmology','Registrar',6);
UNLOCK TABLES;

-- Table structure for table `appointment_module`

DROP TABLE IF EXISTS `appointment_module`;
CREATE TABLE `appointment_module` (
  `Appointment_ID` int NOT NULL,
  `Patient_ID` int NOT NULL,
  `Physician_ID` int NOT NULL,
  `Start_Date` date NOT NULL,
  `Start_Time` time NOT NULL,
  `Examination_Room` varchar(50) DEFAULT NULL,
  PRIMARY KEY (`Appointment_ID`),
  KEY `Patient_ID` (`Patient_ID`),
  KEY `Physician_ID` (`Physician_ID`),
  CONSTRAINT `appointment_module_ibfk_1` FOREIGN KEY (`Patient_ID`) REFERENCES `patient_module` (`Patient_ID`),
  CONSTRAINT `appointment_module_ibfk_2` FOREIGN KEY (`Physician_ID`) REFERENCES `physician_module` (`Physician_ID`));

-- Dumping data for table `appointment_module`

LOCK TABLES `appointment_module` WRITE;
INSERT INTO `appointment_module` VALUES (3001,1001,2001,'2023-07-19','09:00:00','Room 101'),(3002,1002,2002,'2023-07-20','10:30:00','Room 102'),(3003,1003,2003,'2023-07-21','13:15:00','Room 103'),(3004,1004,2004,'2023-07-22','11:45:00','Room 104'),(3005,1005,2005,'2023-07-23','15:30:00','Room 105'),(3006,1006,2006,'2023-07-24','13:00:00','Room 106'),(3007,1007,2007,'2023-07-25','16:00:00','Room 107'),(3008,1008,2008,'2023-07-26','11:00:00','Room 108'),(3009,1009,2009,'2023-07-27','09:45:00','Room 109'),(3010,1010,2010,'2023-07-28','14:30:00','Room 110'),(3011,1011,2001,'2023-07-29','10:00:00','Room 101'),(3012,1012,2002,'2023-07-30','11:30:00','Room 102'),(3013,1013,2003,'2023-07-31','15:15:00','Room 103'),(3014,1014,2004,'2023-08-01','13:45:00','Room 104'),(3015,1015,2005,'2023-08-02','16:30:00','Room 105'),(3016,1016,2006,'2023-08-03','14:00:00','Room 106'),(3017,1017,2007,'2023-08-04','17:00:00','Room 107'),(3018,1018,2008,'2023-08-05','12:00:00','Room 108'),(3019,1019,2009,'2023-08-06','09:30:00','Room 109'),(3020,1020,2010,'2023-08-07','15:30:00','Room 110'),(3021,1021,2001,'2023-08-08','10:15:00','Room 101'),(3022,1022,2002,'2023-08-09','11:45:00','Room 102'),(3023,1023,2003,'2023-08-10','16:00:00','Room 103'),(3024,1024,2004,'2023-08-11','13:30:00','Room 104'),(3025,1025,2005,'2023-08-12','17:15:00','Room 105'),(3026,1026,2006,'2023-08-13','14:45:00','Room 106'),(3027,1027,2007,'2023-08-14','18:00:00','Room 107'),(3028,1028,2008,'2023-08-15','12:30:00','Room 108'),(3029,1029,2009,'2023-08-16','09:15:00','Room 109'),(3030,1030,2010,'2023-08-17','15:45:00','Room 110'),(3031,1031,2001,'2023-08-18','10:30:00','Room 101'),(3032,1032,2002,'2023-08-19','12:00:00','Room 102'),(3033,1033,2003,'2023-08-20','16:15:00','Room 103'),(3034,1034,2004,'2023-08-21','13:00:00','Room 104'),(3035,1035,2005,'2023-08-22','17:30:00','Room 105'),(3036,1036,2006,'2023-08-23','16:30:00','Room 106'),(3037,1037,2007,'2023-08-24','20:30:00','Room 107'),(3038,1038,2008,'2023-08-25','13:45:00','Room 108'),(3039,1039,2009,'2023-08-26','09:00:00','Room 109'),(3040,1040,2010,'2023-08-27','16:00:00','Room 110'),(3041,1001,2002,'2023-08-28','10:00:00','Room 201'),(3042,1002,2003,'2023-08-29','11:30:00','Room 202'),(3043,1003,2004,'2023-08-30','14:15:00','Room 203'),(3044,1004,2005,'2023-08-31','13:45:00','Room 204'),(3045,1005,2006,'2023-09-01','16:30:00','Room 205'),(3046,1006,2007,'2023-09-02','14:00:00','Room 206'),(3047,1007,2008,'2023-09-03','17:00:00','Room 207'),(3048,1008,2009,'2023-09-04','12:00:00','Room 208'),(3049,1009,2010,'2023-09-05','09:45:00','Room 209'),(3050,1010,2001,'2023-09-06','15:30:00','Room 210'),(3101,1031,2008,'2023-09-26','11:00:00','Room 208'),(3102,1032,2009,'2023-09-27','09:45:00','Room 209'),(3103,1033,2010,'2023-09-28','14:30:00','Room 210'),(3104,1034,2001,'2023-09-29','10:15:00','Room 201'),(3105,1035,2002,'2023-09-30','11:45:00','Room 202'),(3106,1036,2003,'2023-10-01','16:00:00','Room 203'),(3107,1037,2004,'2023-10-02','13:30:00','Room 204'),(3108,1038,2005,'2023-10-03','17:15:00','Room 205'),(3109,1039,2006,'2023-10-04','14:45:00','Room 206'),(3110,1040,2007,'2023-10-05','18:00:00','Room 207'),(3151,1071,2010,'2023-10-25','14:30:00','Room 210'),(3152,1072,2001,'2023-10-26','17:00:00','Room 201'),(3153,1073,2002,'2023-10-27','12:00:00','Room 202'),(3154,1074,2003,'2023-10-28','09:45:00','Room 203'),(3155,1075,2004,'2023-10-29','15:30:00','Room 204'),(3156,1076,2005,'2023-10-30','10:15:00','Room 205'),(3157,1077,2006,'2023-10-31','11:45:00','Room 206'),(3158,1078,2007,'2023-11-01','16:00:00','Room 207'),(3159,1079,2008,'2023-11-02','13:30:00','Room 208'),(3160,1080,2009,'2023-11-03','17:15:00','Room 209');
UNLOCK TABLES;

-- Table structure for table `billing_module`

DROP TABLE IF EXISTS `billing_module`;
CREATE TABLE `billing_module` (
  `Payment_ID` int NOT NULL,
  `Patient_ID` int DEFAULT NULL,
  `Physician_ID` int DEFAULT NULL,
  `Amount` decimal(10,2) DEFAULT NULL,
  `Payment_Date` date DEFAULT NULL,
  `Insurance_ID` varchar(20) DEFAULT NULL,
  PRIMARY KEY (`Payment_ID`),
  KEY `Patient_ID` (`Patient_ID`),
  KEY `Physician_ID` (`Physician_ID`),
  KEY `Insurance_ID` (`Insurance_ID`),
  CONSTRAINT `billing_module_ibfk_1` FOREIGN KEY (`Patient_ID`) REFERENCES `patient_module` (`Patient_ID`),
  CONSTRAINT `billing_module_ibfk_2` FOREIGN KEY (`Physician_ID`) REFERENCES `physician_module` (`Physician_ID`),
  CONSTRAINT `billing_module_ibfk_3` FOREIGN KEY (`Insurance_ID`) REFERENCES `insurance_module` (`Insurance_ID`));

-- Dumping data for table `billing_module`

LOCK TABLES `billing_module` WRITE;
INSERT INTO `billing_module` VALUES (4001,1001,2001,20000.00,'2023-07-19','1002'),(4002,1002,2002,15000.00,'2023-07-20','1003'),(4003,1003,2003,30000.00,'2023-07-21','1004'),(4004,1004,2004,10000.00,'2023-07-22','1005'),(4005,1005,2005,25000.00,'2023-07-23','1006'),(4006,1006,2006,17500.00,'2023-07-24','1007'),(4007,1007,2007,22500.00,'2023-07-25','1008'),(4008,1008,2008,18000.00,'2023-07-26','1009'),(4009,1009,2009,21000.00,'2023-07-27',NULL),(4010,1010,2010,27500.00,'2023-07-28','1002'),(4011,1011,2001,19000.00,'2023-07-29','1003'),(4012,1012,2002,16000.00,'2023-07-30','1004'),(4013,1013,2003,32000.00,'2023-07-31','1005'),(4014,1014,2004,11000.00,'2023-08-01','1006'),(4015,1015,2005,26000.00,'2023-08-02','1007'),(4016,1016,2006,18500.00,'2023-08-03','1008'),(4017,1017,2007,23000.00,'2023-08-04','1009'),(4018,1018,2008,19000.00,'2023-08-05',NULL),(4019,1019,2009,22000.00,'2023-08-06','1002'),(4020,1020,2010,29000.00,'2023-08-07','1003'),(4021,1021,2001,20500.00,'2023-08-08','1004'),(4022,1022,2002,17500.00,'2023-08-09','1005'),(4023,1023,2003,33000.00,'2023-08-10','1006'),(4024,1024,2004,12000.00,'2023-08-11','1007'),(4025,1025,2005,27000.00,'2023-08-12','1008'),(4026,1026,2006,19000.00,'2023-08-13','1009'),(4027,1027,2007,23500.00,'2023-08-14',NULL),(4028,1028,2008,19500.00,'2023-08-15','1002'),(4029,1029,2009,75000.00,'2023-08-16','1003'),(4030,1030,2010,28000.00,'2023-08-17','1004'),(4031,1031,2001,21500.00,'2023-08-18','1005'),(4032,1032,2002,18000.00,'2023-08-19','1006'),(4033,1033,2003,34000.00,'2023-08-20','1007'),(4034,1034,2004,13000.00,'2023-08-21','1008'),(4035,1035,2005,28000.00,'2023-08-22','1009'),(4036,1036,2006,19500.00,'2023-08-23',NULL),(4037,1037,2007,24000.00,'2023-08-24','1002'),(4038,1038,2008,20000.00,'2023-08-25','1003'),(4039,1039,2009,23000.00,'2023-08-26','1004'),(4040,1040,2010,29500.00,'2023-08-27','1005'),(4041,1001,2002,22000.00,'2023-08-28','1002'),(4042,1002,2003,18000.00,'2023-08-29','1003'),(4043,1003,2004,35000.00,'2023-08-30','1004'),(4044,1004,2005,12000.00,'2023-08-31','1005'),(4045,1005,2006,28000.00,'2023-09-01','1006'),(4046,1006,2007,20000.00,'2023-09-02','1007'),(4047,1007,2008,24500.00,'2023-09-03','1008'),(4048,1008,2009,21000.00,'2023-09-04','1009'),(4049,1009,2010,23500.00,'2023-09-05',NULL),(4050,1010,2001,31000.00,'2023-09-06','1002'),(4101,1031,2008,22500.00,'2023-09-26','1005'),(4102,1032,2009,19500.00,'2023-09-27','1006'),(4103,1033,2010,36000.00,'2023-09-28','1007'),(4104,1034,2001,14000.00,'2023-09-29','1008'),(4105,1035,2002,30000.00,'2023-09-30','1009'),(4106,1036,2003,21000.00,'2023-10-01',NULL),(4107,1037,2004,25000.00,'2023-10-02','1002'),(4108,1038,2005,22000.00,'2023-10-03','1003'),(4109,1039,2006,24000.00,'2023-10-04','1004'),(4110,1040,2007,32000.00,'2023-10-05','1005'),(4151,1071,2010,23500.00,'2023-10-25','1007'),(4152,1072,2001,27000.00,'2023-10-26','1002'),(4153,1073,2002,25000.00,'2023-10-27','1003'),(4154,1074,2003,15500.00,'2023-10-28','1004'),(4155,1075,2004,31000.00,'2023-10-29','1005'),(4156,1076,2005,22000.00,'2023-10-30','1008'),(4157,1077,2006,26500.00,'2023-10-31','1002'),(4158,1078,2007,23000.00,'2023-11-01',NULL),(4159,1079,2008,25000.00,'2023-11-02','1004'),(4160,1080,2009,33000.00,'2023-11-03','1005'),(4201,1001,2002,24500.00,'2023-11-23','1002'),(4202,1002,2003,22000.00,'2023-11-24','1003'),(4203,1003,2004,37000.00,'2023-11-25','1004'),(4204,1004,2005,16500.00,'2023-11-26','1005'),(4205,1005,2006,32000.00,'2023-11-27','1006'),(4206,1006,2007,23000.00,'2023-11-28','1007'),(4207,1007,2008,27500.00,'2023-11-29','1008'),(4208,1008,2009,24000.00,'2023-11-30','1009'),(4209,1009,2010,26000.00,'2023-12-01',NULL),(4210,1010,2001,34000.00,'2023-12-02','1002'),(4251,1031,2008,24500.00,'2023-12-22','1005'),(4252,1032,2009,22500.00,'2023-12-23','1006'),(4253,1033,2010,38000.00,'2023-12-24','1007'),(4254,1034,2001,17500.00,'2023-12-25','1008'),(4255,1035,2002,33000.00,'2023-12-26','1009'),(4256,1036,2003,24000.00,'2023-12-27',NULL),(4257,1037,2004,29000.00,'2023-12-28','1002'),(4258,1038,2005,25000.00,'2023-12-29','1003'),(4259,1039,2006,27000.00,'2023-12-30','1004'),(4260,1040,2007,35000.00,'2023-12-31','1005');
UNLOCK TABLES;





